Type,City,Question,Answer,Keywords (comma-separated),Link Text,Link URL,Status,Last Updated,Notes
Universal,All,"What makes a massage therapist LGBTQ+ affirming?","LGBTQ+ affirming therapists actively welcome and support clients of all sexual orientations and gender identities. They use chosen names and pronouns, respect gender diversity, and create a judgment-free space. Every therapist on MasseurMatch has committed to these values, and we verify this during our review process. This means you can book with confidence, knowing your identity is respected.","LGBTQ+ affirming therapists, inclusive massage therapy","Learn about our verification process",/about-verification,APPROVED,2026-07-03,Core brand messaging
Universal,All,"How does MasseurMatch verify therapists?","All therapists complete our verification process before going live. We confirm identity, LGBTQ+ affirmation commitment, and contact information. Each profile is reviewed to ensure authenticity and safety. While we don't perform background checks ourselves, we encourage clients to research therapists thoroughly and trust their instincts. Our community ratings and reviews help build confidence over time.","therapist verification, MasseurMatch review process","See our verification standards",/verification-standards,APPROVED,2026-07-03,Key differentiator
Universal,All,"What's the difference between in-call and out-call massage?","In-call means you visit the therapist's private studio or location. Out-call means the therapist travels to your home, hotel, or agreed location. In-call usually offers a dedicated space, while out-call provides convenience at your location. Pricing, availability, and cancellation policies may differ. Check each therapist's profile to see which services they offer and their rates.","in-call massage, out-call massage, massage location options","Browse therapists by service type",/search,APPROVED,2026-07-03,Essential booking info
Universal,All,"How much does a massage cost?","Session costs vary by therapist, location, modality, and duration. Most therapists charge between $60–200+ per hour, with some offering 30-minute or 90-minute sessions. Premium and specialty modalities (deep tissue, myofascial release) may cost more. Visit individual therapist profiles to see exact pricing. Many therapists offer first-time discounts or package rates.","massage cost, session pricing, therapy rates","Compare therapist rates",/search?sort=price,APPROVED,2026-07-03,Conversion-critical
Universal,All,"How do I know if a therapist is right for me?","Review their profile thoroughly: read their bio, check specialties, modalities, and client reviews. Many profiles include photos and detailed descriptions of their style. Look for shared values—whether they emphasize relaxation, deep work, or specific techniques. Don't hesitate to contact them directly with questions about their approach, availability, or experience with your specific needs.","choosing a therapist, finding the right massage therapist","Read therapist profiles and reviews",/search,APPROVED,2026-07-03,Reduces booking anxiety
Universal,All,"Can I book same-day?","Same-day availability depends on the individual therapist. Many therapists keep slots open for last-minute bookings, while others book weeks in advance. Check their calendar or contact them directly via phone, text, or WhatsApp (listed on their profile) to ask about same-day availability. Popular time slots fill quickly, so earlier in the day often has better chances.","same-day massage booking, last-minute appointments","Search available therapists",/search,APPROVED,2026-07-03,High-intent query
Universal,All,"What should I ask before booking?","Ask about their experience with your specific needs, modalities they specialize in, session length, pricing, cancellation policy, and payment methods. For out-call, confirm the address, parking, and whether they bring a massage table. Discuss any injuries, medical conditions, or pressure preferences. A good therapist will welcome these questions and take time to ensure you're a good fit.","questions to ask massage therapist, pre-booking consultation","View therapist contact options",/search,APPROVED,2026-07-03,Builds confidence
Universal,All,"Are therapists background-checked?","MasseurMatch does not perform background checks on therapists. However, we do verify identity and contact information. We encourage clients to review profiles, read other client feedback, and trust their instincts. Always feel comfortable asking therapists about their credentials, experience, and approach before booking.","background checks, therapist safety","Read community reviews",/search,APPROVED,2026-07-03,Trust-building
Universal,All,"How do reviews work?","After a session, clients can rate and review their experience on the therapist's profile. Reviews are anonymous unless you choose to share your name. They help build a community of honest feedback and help future clients make informed decisions. Only verified bookings can post reviews. This keeps our review system trustworthy and authentic.","therapist reviews, rating system, client feedback","See how reviews help",/how-reviews-work,APPROVED,2026-07-03,Community trust signal
Universal,All,"What modalities are available?","MasseurMatch features therapists specializing in Swedish, deep tissue, sports massage, myofascial release, Thai, reflexology, tantric, prostate, and more. Each therapist lists their specialties on their profile. Use the search filters to find therapists by modality. If you're unsure which modality suits you, contact a therapist directly—they can advise based on your goals.","massage modalities, specialty massage types","Filter by modality",/search?filters=modality,APPROVED,2026-07-03,Search enabler
Universal,All,"Do therapists speak other languages?","Yes, some therapists speak languages beyond English. Check each therapist's profile for language information. If a language isn't listed, contact the therapist directly—they may accommodate you. MasseurMatch is English-primary for now, but our community spans diverse backgrounds.","multilingual therapists, language options","Search therapist profiles",/search,APPROVED,2026-07-03,Inclusion messaging
Universal,All,"Is my information private?","Your privacy is essential. Client information (name, email, phone, booking details) is never shared with other clients or published on profiles. Therapists only see what you choose to communicate. MasseurMatch follows strict data privacy practices and complies with applicable regulations. Read our privacy policy for full details.","privacy, data protection, client confidentiality","Read our privacy policy",/privacy,APPROVED,2026-07-03,Trust + legal
City,Dallas,"What are the best neighborhoods for massage in Dallas?","Oak Lawn and Uptown are Dallas's most vibrant LGBTQ+ neighborhoods with excellent therapist availability. Downtown and Deep Ellum also have strong communities. Many therapists service the entire Dallas area for out-call. Check individual profiles for their in-call location and service area. Proximity matters for in-call, so filter by neighborhood if location is important to you.","Dallas neighborhoods, Oak Lawn massage, Uptown therapists","Search Dallas therapists by area",/search?city=dallas,APPROVED,2026-07-03,Local relevance
City,Dallas,"Are therapists available in Oak Lawn and Uptown?","Yes, Oak Lawn and Uptown have multiple verified therapists on MasseurMatch. Many have studios in these neighborhoods and offer both in-call and out-call services. These areas are popular for bookings, so availability can fill quickly during peak times. Search by location or contact therapists directly to check their schedules.","Oak Lawn massage, Uptown therapists, Dallas LGBTQ+ neighborhoods","View Oak Lawn & Uptown therapists",/search?city=dallas&neighborhood=oak-lawn-uptown,APPROVED,2026-07-03,Neighborhood marketing
City,Dallas,"What's the fastest way to book in Dallas?","Use the search filter to sort by availability or response time. Many Dallas therapists keep open slots and respond to texts or calls within hours. For same-day bookings, call or text directly—listed on each profile. Afternoon and evening slots often have better availability than morning. Weekday appointments may be easier to secure than weekends.","quick booking Dallas, same-day massage Dallas","Search available Dallas therapists now",/search?city=dallas&sort=availability,APPROVED,2026-07-03,Conversion friction
City,Dallas,"Can I book out-call sessions throughout Dallas?","Yes, many Dallas therapists offer out-call throughout the city and surrounding areas. Service areas vary—some therapists cover the entire metroplex, others focus on specific neighborhoods. Check their profile for service radius or contact them directly. Out-call pricing may include a travel fee depending on distance.","Dallas out-call massage, mobile massage Dallas","Filter by out-call service",/search?city=dallas&serviceType=outcall,APPROVED,2026-07-03,Service type upsell
City,Dallas,"How do I find therapists who specialize in a specific modality in Dallas?","Use the modality filter on the search page to narrow by specialty (deep tissue, sports massage, Thai, etc.). Dallas therapists cover the full range. Read profiles to confirm expertise and experience with your specific needs. You can also message therapists directly to ask about their training and approach.","Dallas massage modalities, specialty therapists Dallas","Filter Dallas by modality",/search?city=dallas&filters=modality,APPROVED,2026-07-03,Discovery enhancement
City,Houston,"Where can I find LGBTQ+-affirming therapists in Montrose?","Montrose is Houston's primary LGBTQ+ neighborhood and has excellent therapist availability on MasseurMatch. Many therapists have studios or regularly service the Montrose area. Search by neighborhood or browse profiles to find therapists who list Montrose as their in-call location or service area. Montrose therapists are experienced with diverse clientele.","Montrose therapists, Houston LGBTQ+ massage, Montrose massage","Find Montrose therapists",/search?city=houston&neighborhood=montrose,APPROVED,2026-07-03,Local anchor
City,Houston,"What modalities are most popular in Houston?","Deep tissue, Swedish, and sports massage are popular in Houston, reflecting the city's active lifestyle. Many therapists also specialize in prostate massage, tantric sessions, and myofascial release. Houston's heat and humidity make therapeutic massage especially popular. Search by modality to find specialists, or ask individual therapists about their most requested services.","Houston massage modalities, popular massage types Houston","Explore Houston massage specialties",/search?city=houston&filters=modality,APPROVED,2026-07-03,Market insights
City,Houston,"How does out-call work in Houston hotels?","Many Houston therapists offer hotel out-call services. When booking, confirm the therapist services hotels and your specific location. Provide the hotel name, room number, and check-in time. Most therapists bring a portable massage table. Some hotels have restrictions—check your hotel's guest policy. Therapists typically ask for discretion and appreciate clear directions to your room.","hotel massage Houston, out-call hotel services","Search hotel-friendly therapists",/search?city=houston&serviceType=outcall,APPROVED,2026-07-03,Business travel niche
City,Houston,"What's the typical massage cost in Houston?","Houston massage rates typically range from $70–200+ per hour, depending on modality, therapist experience, and location. In-call sessions in Montrose studios may differ from out-call hotel services. Many therapists offer first-time discounts or package rates for returning clients. Check individual profiles for exact pricing and any specials.","Houston massage pricing, massage cost Houston","Compare Houston pricing",/search?city=houston&sort=price,APPROVED,2026-07-03,Pricing transparency
City,Houston,"How do I contact a therapist in Houston?","Each therapist profile lists their preferred contact methods: phone, text, WhatsApp, or email. Most Houston therapists respond quickly to texts and calls. Include your name, desired service (in-call or out-call), date/time, and modality preference. Professional, clear communication helps secure your booking faster.","Houston therapist contact, booking Houston massage","View therapist contacts",/search?city=houston,APPROVED,2026-07-03,UX guidance
City,Austin,"What makes Austin's massage scene different?","Austin's culture emphasizes wellness, inclusivity, and authenticity—reflected in its thriving massage community. Austin therapists tend to blend modalities creatively and welcome conversations about holistic health. The city's laid-back vibe attracts therapists who prioritize personal connection and tailored sessions. Austin's outdoor lifestyle also drives demand for sports massage and recovery work.","Austin massage scene, Austin wellness community","Explore Austin therapists",/search?city=austin,APPROVED,2026-07-03,City brand voice
City,Austin,"Where are therapists located in East Austin and Downtown?","East Austin and Downtown have growing massage communities. Many therapists have studios near Congress Avenue, East 6th Street, and surrounding neighborhoods. Some offer both in-call and out-call throughout Austin. Check profiles for exact locations. Austin's bikeable neighborhoods mean many therapists are accessible via public transit.","East Austin massage, Downtown Austin therapists","Find East Austin & Downtown therapists",/search?city=austin&neighborhood=east-downtown,APPROVED,2026-07-03,Neighborhood marketing
City,Austin,"Is same-day availability common in Austin?","Austin therapists vary in availability. Some keep slots open for last-minute bookings, while others book weeks ahead during peak seasons. Text or call directly—listed on profiles—for same-day inquiries. Early morning or late evening often has better availability. Weekday afternoons tend to be more flexible than weekends.","Austin same-day massage, last-minute appointments Austin","Search available Austin therapists",/search?city=austin&sort=availability,APPROVED,2026-07-03,Quick booking friction
City,Austin,"What payment methods do Austin therapists accept?","Most Austin therapists accept cash, Venmo, card payments, or digital wallets. Check individual profiles for their preferred methods. Some therapists require deposit or prepayment via Venmo or PayPal. Always confirm payment details when booking, especially for out-call sessions.","Austin massage payment, payment methods therapists","View therapist details",/search?city=austin,APPROVED,2026-07-03,Booking clarity
City,Austin,"Can I book therapists outside Austin proper?","Yes, some MasseurMatch therapists service greater Austin and surrounding areas like Round Rock, Cedar Park, and Pflugerville. Check profiles for their service radius. Out-call rates may include travel fees for farther distances. Contact therapists directly to confirm they service your location.","Austin area massage, greater Austin therapists","Search Austin area",/search?city=austin,APPROVED,2026-07-03,Service radius clarity
